places/id	places/internationalPhoneNumber	places/location/latitude	places/location/longitude	places/rating	places/regularOpeningHours/weekdayDescriptions/0	places/regularOpeningHours/weekdayDescriptions/1	places/regularOpeningHours/weekdayDescriptions/2	places/regularOpeningHours/weekdayDescriptions/3	places/regularOpeningHours/weekdayDescriptions/4	places/regularOpeningHours/weekdayDescriptions/5	places/regularOpeningHours/weekdayDescriptions/6	places/userRatingCount	places/displayName/text	places/displayName/languageCode	places/primaryType	places/priceLevel
ChIJCxBEZ7gVVBMRrLMqYlA1I1w	+389 71 343 063	41.9963473	21.4243335	4.7	Monday: 9:00 AM – 11:30 PM	Tuesday: 9:00 AM – 11:30 PM	Wednesday: 9:00 AM – 11:30 PM	Thursday: 9:00 AM – 11:30 PM	Friday: 9:00 AM – 11:30 PM	Saturday: 9:00 AM – 11:30 PM	Sunday: 9:00 AM – 11:30 PM	3580	Matto Napoletano	en	italian_restaurant	
ChIJ7xg0Uk4UVBMR8O049WBqftk	+389 78 343 630	42.0010096	21.4199187	4.6	Monday: 9:00 AM – 12:00 AM	Tuesday: 9:00 AM – 12:00 AM	Wednesday: 9:00 AM – 12:00 AM	Thursday: 9:00 AM – 12:00 AM	Friday: 9:00 AM – 1:00 AM	Saturday: 9:00 AM – 1:00 AM	Sunday: 12:00 PM – 12:00 AM	5283	Restaurant Skopski Merak	en	restaurant	PRICE_LEVEL_MODERATE
ChIJ9bheqbUVVBMR_e0Sr1BQ-sQ	+389 2 329 0674	41.99382	21.4308717	4.4	Monday: 9:00 AM – 8:00 PM	Tuesday: 9:00 AM – 8:00 PM	Wednesday: 9:00 AM – 8:00 PM	Thursday: 9:00 AM – 8:00 PM	Friday: 9:00 AM – 8:00 PM	Saturday: 9:00 AM – 2:00 PM	Sunday: 9:00 AM – 2:00 PM	3683	Mother Teresa Memorial House	en		
ChIJLUMN5y4VVBMRTeHoh00CkG4	+389 2 321 1908	42.0025695	21.4384212	4.3	Monday: 7:00 AM – 8:00 PM	Tuesday: 7:00 AM – 8:00 PM	Wednesday: 7:00 AM – 8:00 PM	Thursday: 7:00 AM – 8:00 PM	Friday: 7:00 AM – 8:00 PM	Saturday: 7:00 AM – 8:00 PM	Sunday: 7:00 AM – 8:00 PM	2645	Kosmos Kebabchilnica	en	restaurant	PRICE_LEVEL_MODERATE
ChIJP3DhPk8UVBMRd4NwvLIpV40	+389 71 206 205	42.0000927	21.4174075	4.5	Monday: Open 24 hours	Tuesday: Open 24 hours	Wednesday: Open 24 hours	Thursday: Open 24 hours	Friday: Open 24 hours	Saturday: Open 24 hours	Sunday: Closed	4294	Silbo	en	bakery	PRICE_LEVEL_MODERATE
ChIJ5Uz10bEVVBMRXxqPTkLqqzY	+389 2 322 4063	41.9997012	21.436087	3.7	Monday: 9:00 AM – 9:00 PM	Tuesday: 9:00 AM – 9:00 PM	Wednesday: 9:00 AM – 9:00 PM	Thursday: 9:00 AM – 9:00 PM	Friday: 9:00 AM – 10:00 PM	Saturday: 9:00 AM – 10:00 PM	Sunday: 9:00 AM – 10:00 PM	3918	Destan	en	barbecue_restaurant	PRICE_LEVEL_MODERATE
ChIJUTe8jbAVVBMRH1THzyxKl6k	+389 2 313 1376	41.9969072	21.4383018	4.6	Monday: 9:00 AM – 12:00 AM	Tuesday: 9:00 AM – 12:00 AM	Wednesday: 9:00 AM – 12:00 AM	Thursday: 9:00 AM – 12:00 AM	Friday: 9:00 AM – 12:00 AM	Saturday: 4:00 PM – 12:00 AM	Sunday: 2:00 – 10:00 PM	3125	Restaurant „Old House“	en	restaurant	PRICE_LEVEL_MODERATE
ChIJ_doh2BgVVBMRIl-F8IIUpDo		42.0005479	21.4369738	4.3	Monday: 6:00 AM – 5:00 PM	Tuesday: 6:00 AM – 5:00 PM	Wednesday: 6:00 AM – 5:00 PM	Thursday: 6:00 AM – 5:00 PM	Friday: 6:00 AM – 5:00 PM	Saturday: 6:00 AM – 5:00 PM	Sunday: Closed	917	Eski Burek Shop	en	bakery	
ChIJAVSW1xgVVBMRbSIIPv3IYrA	+389 70 272 766	42.003532	21.4168175	4.4	Monday: 9:00 AM – 12:00 AM	Tuesday: 9:00 AM – 12:00 AM	Wednesday: 9:00 AM – 12:00 AM	Thursday: 9:00 AM – 12:00 AM	Friday: 9:00 AM – 1:00 AM	Saturday: 12:00 PM – 1:00 AM	Sunday: Closed	1863	Debar Maalo	en	restaurant	PRICE_LEVEL_MODERATE
ChIJx8N9fDgUVBMR_87p00Z3GSk	+389 72 306 198	41.9949773	21.4129362	4.6	Monday: 9:00 AM – 12:00 AM	Tuesday: 9:00 AM – 12:00 AM	Wednesday: 9:00 AM – 12:00 AM	Thursday: 9:00 AM – 12:00 AM	Friday: 9:00 AM – 1:00 AM	Saturday: 9:00 AM – 1:00 AM	Sunday: 9:00 AM – 12:00 AM	2972	Gostilnica Dukat	en	restaurant	PRICE_LEVEL_MODERATE
ChIJ3zFz5k0UVBMRzSXVvSVyCPA	+389 78 250 554	41.9899429	21.4259388	4.5	Monday: 8:00 AM – 12:00 AM	Tuesday: 8:00 AM – 12:00 AM	Wednesday: 8:00 AM – 12:00 AM	Thursday: 8:00 AM – 12:00 AM	Friday: 8:00 AM – 1:00 AM	Saturday: 9:00 AM – 1:00 AM	Sunday: 9:00 AM – 12:00 AM	2537	Public Room	en	restaurant	PRICE_LEVEL_MODERATE
ChIJzfI70bMVVBMRHuPS9TPP0Fw	+389 2 325 6668	41.9979554	21.4331383	4.5	Monday: Closed	Tuesday: 10:00 AM – 6:00 PM	Wednesday: 10:00 AM – 6:00 PM	Thursday: 10:00 AM – 6:00 PM	Friday: 10:00 AM – 6:00 PM	Saturday: 10:00 AM – 6:00 PM	Sunday: 10:00 AM – 6:00 PM	1369	Museum of the Macedonian Struggle for Independence	en	history_museum	
ChIJ4Ve9700UVBMR_AdJfDM5wRw	+389 70 410 919	42.00217	21.4222741	4.4	Monday: 9:00 AM – 12:00 AM	Tuesday: 9:00 AM – 12:00 AM	Wednesday: 9:00 AM – 12:00 AM	Thursday: 9:00 AM – 12:00 AM	Friday: 9:00 AM – 1:00 AM	Saturday: 9:00 AM – 1:00 AM	Sunday: 9:00 AM – 12:00 AM	1642	CARDAK	en	eastern_european_restaurant	PRICE_LEVEL_MODERATE
ChIJ70xWaLQVVBMR8DcxQuWlkzs	+389 78 411 302	41.9953782	21.4313878	4.4	Monday: 9:00 AM – 12:00 AM	Tuesday: 9:00 AM – 12:00 AM	Wednesday: 9:00 AM – 12:00 AM	Thursday: 9:00 AM – 12:00 AM	Friday: 9:00 AM – 12:00 AM	Saturday: 9:00 AM – 12:00 AM	Sunday: 10:00 AM – 12:00 AM	3749	Pelister	en	restaurant	PRICE_LEVEL_MODERATE
ChIJ55YU_7EVVBMR3RyJrA2BvSc	+389 70 248 248	41.9837484	21.4223475	4.4	Monday: 12:00 PM – 12:00 AM	Tuesday: 12:00 PM – 12:00 AM	Wednesday: 12:00 PM – 12:00 AM	Thursday: 12:00 PM – 12:00 AM	Friday: 12:00 PM – 1:00 AM	Saturday: 12:00 PM – 1:00 AM	Sunday: 12:00 PM – 12:00 AM	324	Salvatore Italian Restaurant	en	italian_restaurant	
ChIJ1_50z08UVBMRUnAXMvcr6vk	+389 78 870 000	42.0033999	21.4171433	4	Monday: 10:00 AM – 12:00 AM	Tuesday: 10:00 AM – 12:00 AM	Wednesday: 10:00 AM – 12:00 AM	Thursday: 10:00 AM – 12:00 AM	Friday: 10:00 AM – 1:00 AM	Saturday: 10:00 AM – 1:00 AM	Sunday: Closed	1543	Fast Food Royal 2	en	fast_food_restaurant	
ChIJkR3XKwAVVBMRTxnM-ORdIZ4	+389 70 399 957	41.9858774	21.4504345	4.6	Monday: 10:00 AM – 11:00 PM	Tuesday: 10:00 AM – 11:00 PM	Wednesday: 10:00 AM – 11:00 PM	Thursday: 10:00 AM – 11:00 PM	Friday: 10:00 AM – 11:00 PM	Saturday: 10:00 AM – 11:00 PM	Sunday: Closed	224	Sakash?	en	restaurant	
ChIJ5aZ0t5MVVBMRu_ewxtIbU6s	+389 2 244 7774	41.9895118	21.4597428	4.5	Monday: 8:00 AM – 11:00 PM	Tuesday: 8:00 AM – 11:00 PM	Wednesday: 8:00 AM – 11:00 PM	Thursday: 8:00 AM – 11:00 PM	Friday: 8:00 AM – 12:00 AM	Saturday: 1:00 – 11:00 PM	Sunday: Closed	3339	Fast Food 7 - Aerodrom	en	fast_food_restaurant	
ChIJQXHufVoUVBMRN9pdVe0jbBA	+389 75 478 134	42.0015746	21.4035183	4.6	Monday: 9:00 AM – 12:00 AM	Tuesday: 9:00 AM – 12:00 AM	Wednesday: 9:00 AM – 12:00 AM	Thursday: 9:00 AM – 12:00 AM	Friday: 9:00 AM – 1:00 AM	Saturday: 9:00 AM – 1:00 AM	Sunday: 10:00 AM – 12:00 AM	1881	Roosty Skopje	en	restaurant	PRICE_LEVEL_MODERATE
ChIJC_ikX7gVVBMRvKDnwNsaGN4	+389 72 273 273	42.0010188	21.4203608	4.2	Monday: 10:00 AM – 12:00 AM	Tuesday: 10:00 AM – 12:00 AM	Wednesday: 10:00 AM – 12:00 AM	Thursday: 10:00 AM – 12:00 AM	Friday: 10:00 AM – 1:00 AM	Saturday: 10:00 AM – 1:00 AM	Sunday: 10:00 AM – 1:00 AM	771	Beer Garden	en	bar	PRICE_LEVEL_MODERATE
ChIJAUODp10VVBMRhj5HWmEjd6Q	+389 70 200 021	41.9978001	21.4198865	4.9	Monday: 7:30 AM – 6:00 PM	Tuesday: 7:30 AM – 6:00 PM	Wednesday: 7:30 AM – 6:00 PM	Thursday: 7:30 AM – 6:00 PM	Friday: 7:30 AM – 6:00 PM	Saturday: 8:30 AM – 4:00 PM	Sunday: Closed	528	The Dude Specialty Coffee	en	cafe	
ChIJC982100UVBMRaOngQOBusDw	+389 72 273 333	42.0008631	21.4196145	4.3	Monday: 8:00 AM – 12:00 AM	Tuesday: 8:00 AM – 12:00 AM	Wednesday: 8:00 AM – 12:00 AM	Thursday: 8:00 AM – 12:00 AM	Friday: 8:00 AM – 1:00 AM	Saturday: 9:00 AM – 1:00 AM	Sunday: 9:00 AM – 12:00 AM	640	Casa Bar Skopje	bg	bar	PRICE_LEVEL_MODERATE
ChIJOTPnwaIVVBMRzC-ujIcUUE8	+389 70 617 749	41.9953934	21.4099925	4.2	Monday: 8:00 AM – 12:00 AM	Tuesday: 8:00 AM – 12:00 AM	Wednesday: 8:00 AM – 12:00 AM	Thursday: 8:00 AM – 12:00 AM	Friday: 8:00 AM – 1:00 AM	Saturday: 8:00 AM – 1:00 AM	Sunday: 8:00 AM – 12:00 AM	642	Loznica National Restaurant	en	restaurant	
ChIJax332j4UVBMRLaXFrU5ovXs	+389 2 306 0900	41.9929578	21.4078759	4.5	Monday: 10:30 AM – 12:00 AM	Tuesday: 10:30 AM – 12:00 AM	Wednesday: 10:30 AM – 12:00 AM	Thursday: 10:30 AM – 12:00 AM	Friday: 10:30 AM – 1:00 AM	Saturday: 10:30 AM – 1:00 AM	Sunday: 10:30 AM – 11:00 PM	1496	Dva Elena	en	restaurant	PRICE_LEVEL_MODERATE
ChIJo2Ul0ocVVBMRpxsU2ipWf80	+389 71 279 660	42.0008454	21.4200545	4.1	Monday: 9:00 AM – 1:00 AM	Tuesday: 9:00 AM – 1:00 AM	Wednesday: 9:00 AM – 1:00 AM	Thursday: 9:00 AM – 1:00 AM	Friday: 9:00 AM – 1:00 AM	Saturday: 9:00 AM – 1:00 AM	Sunday: 9:00 AM – 1:00 AM	747	Kafana „Debar Maalo“	en	restaurant	
ChIJN7jY23YVVBMR8Biyaf8vx0o	+389 78 430 330	41.9948053	21.4138716	4.1	Monday: 8:00 AM – 12:00 AM	Tuesday: 8:00 AM – 12:00 AM	Wednesday: 8:00 AM – 12:00 AM	Thursday: 8:00 AM – 12:00 AM	Friday: 8:00 AM – 1:00 AM	Saturday: 8:00 AM – 1:00 AM	Sunday: 8:00 AM – 12:00 AM	994	Gradska Kafeana Dvor	en	restaurant	PRICE_LEVEL_MODERATE
ChIJ3V92CUwUVBMRPzoAZdXzoZ4	+389 2 311 7597	41.9983585	21.4226786	4.4	Monday: Open 24 hours	Tuesday: Open 24 hours	Wednesday: Open 24 hours	Thursday: Open 24 hours	Friday: Open 24 hours	Saturday: Open 24 hours	Sunday: Open 24 hours	1137	Bakery La Delicious	en	bakery	PRICE_LEVEL_INEXPENSIVE
ChIJkxtrDTgUVBMRuVRYFUl4AmY	+389 70 268 454	41.9947478	21.4140648	4.3	Monday: 8:00 AM – 12:00 AM	Tuesday: 8:00 AM – 12:00 AM	Wednesday: 8:00 AM – 12:00 AM	Thursday: 8:00 AM – 12:00 AM	Friday: 8:00 AM – 1:00 AM	Saturday: 8:00 AM – 1:00 AM	Sunday: 8:00 AM – 12:00 AM	923	Intermezzo Music Bar	en	bar	PRICE_LEVEL_MODERATE
ChIJYzvrjUsUVBMRj9PCuNdaV70	+389 2 321 1914	41.9974682	21.4233074	4.4	Monday: 9:00 AM – 5:00 PM	Tuesday: 9:00 AM – 5:00 PM	Wednesday: 9:00 AM – 5:00 PM	Thursday: 9:00 AM – 5:00 PM	Friday: 9:00 AM – 5:00 PM	Saturday: 12:00 – 7:00 PM	Sunday: Closed	1852	Fast Food 7	en	fast_food_restaurant	
ChIJxQOg56UVVBMRFyF431qjRoE	+389 70 222 137	42.0007014	21.4190979	4.5	Monday: 8:00 AM – 12:00 AM	Tuesday: 8:00 AM – 12:00 AM	Wednesday: 8:00 AM – 12:00 AM	Thursday: 8:00 AM – 12:00 AM	Friday: 8:00 AM – 1:00 AM	Saturday: 8:30 AM – 1:00 AM	Sunday: 9:00 AM – 12:00 AM	455	Urban Bistro „Kantina“	en	bistro	
ChIJ4euxcDgUVBMRNXuR4SNUHpc	+389 2 323 2877	41.9948659	21.4136129	4.6	Monday: 12:00 PM – 12:00 AM	Tuesday: 12:00 PM – 12:00 AM	Wednesday: 12:00 PM – 12:00 AM	Thursday: 12:00 PM – 12:00 AM	Friday: 12:00 PM – 12:00 AM	Saturday: 12:00 PM – 12:00 AM	Sunday: Closed	1051	Vodenica Mulino	en	restaurant	PRICE_LEVEL_EXPENSIVE
ChIJNR_SHv0VVBMR4dCUFWDQDk0		42.0019698	21.4134773	4.4	Monday: 8:00 AM – 12:00 AM	Tuesday: 8:00 AM – 12:00 AM	Wednesday: 8:00 AM – 12:00 AM	Thursday: 8:00 AM – 12:00 AM	Friday: 8:00 AM – 1:00 AM	Saturday: 8:00 AM – 1:00 AM	Sunday: 8:00 AM – 12:00 AM	663	Bar Roosevelt	en	bar	PRICE_LEVEL_MODERATE
ChIJTfHc8NwVVBMRozeeBYkoxUs	+389 75 404 400	41.9948034	21.4100711	4.3	Monday: 8:00 AM – 12:00 AM	Tuesday: 8:00 AM – 12:00 AM	Wednesday: 8:00 AM – 12:00 AM	Thursday: 8:00 AM – 12:00 AM	Friday: 9:00 AM – 1:00 AM	Saturday: 9:00 AM – 1:00 AM	Sunday: 12:00 – 10:30 PM	190	Morino	en	pizza_restaurant	
ChIJTZrkakUUVBMRnvgmkUtXly4	+389 72 535 353	42.0037303	21.4149077	4.4	Monday: 7:30 AM – 12:00 AM	Tuesday: 7:30 AM – 12:00 AM	Wednesday: 7:30 AM – 12:00 AM	Thursday: 7:30 AM – 12:00 AM	Friday: 7:30 AM – 1:00 AM	Saturday: 8:00 AM – 1:00 AM	Sunday: 8:00 AM – 12:00 AM	1451	The Gallery Café	en	cafe	PRICE_LEVEL_MODERATE
ChIJJ41fjJgVVBMRwRe6yFW8Snk	+389 71 216 348	41.9970804	21.4061183	4.3	Monday: 8:00 AM – 12:00 AM	Tuesday: 8:00 AM – 12:00 AM	Wednesday: 8:00 AM – 12:00 AM	Thursday: 8:00 AM – 12:00 AM	Friday: 8:00 AM – 12:00 AM	Saturday: 9:00 AM – 1:00 AM	Sunday: 11:00 AM – 8:00 PM	948	BKW Hybrid Bar	en	bar	PRICE_LEVEL_MODERATE
ChIJfX-e-K4VVBMRNK4TurP3EH8	+389 2 323 3999	41.996783	21.4343423	3.9	Monday: Closed	Tuesday: 10:00 AM – 6:00 PM	Wednesday: 10:00 AM – 6:00 PM	Thursday: 10:00 AM – 6:00 PM	Friday: 10:00 AM – 6:00 PM	Saturday: 10:00 AM – 6:00 PM	Sunday: 10:00 AM – 6:00 PM	1658	Archaeological Museum of the Republic of North Macedonia	en	museum	
ChIJO4PbOqwVVBMRmTZ628OKJ4k	+389 2 311 7734	42.0038889	21.4327778	4.1	Monday: Closed	Tuesday: 10:00 AM – 5:00 PM	Wednesday: 10:00 AM – 5:00 PM	Thursday: 10:00 AM – 5:00 PM	Friday: 10:00 AM – 5:00 PM	Saturday: 10:00 AM – 5:00 PM	Sunday: 9:00 AM – 1:00 PM	697	Museum of Contemporary Art Skopje	en	art_museum	
ChIJMbvS6soVVBMRWlrxbvwPZnA	+389 2 311 4742	41.9910127	21.4289376	4.2	Monday: Closed	Tuesday: 9:00 AM – 5:00 PM	Wednesday: 9:00 AM – 5:00 PM	Thursday: 9:00 AM – 5:00 PM	Friday: 9:00 AM – 5:00 PM	Saturday: 9:00 AM – 5:00 PM	Sunday: 9:00 AM – 1:00 PM	724	Museum of the City of Skopje	en	museum	
ChIJc0yWgLEVVBMR9LEsnUIrAG8	+389 2 312 2697	41.9984402	21.4333552	4.5	Monday: Closed	Tuesday: 9:00 AM – 7:00 PM	Wednesday: 9:00 AM – 7:00 PM	Thursday: 9:00 AM – 7:00 PM	Friday: 9:00 AM – 7:00 PM	Saturday: 9:00 AM – 3:00 PM	Sunday: 9:00 AM – 3:00 PM	389	Holocaust Memorial Center for the Jews of Macedonia	en	history_museum	
ChIJafCiq7sVVBMR3_STYImGScM	+389 2 311 5225	41.9964916	21.4427678	4.7	Monday: 9:00 AM – 12:00 AM	Tuesday: 9:00 AM – 12:00 AM	Wednesday: 9:00 AM – 12:00 AM	Thursday: 9:00 AM – 12:00 AM	Friday: 9:00 AM – 1:00 AM	Saturday: 9:00 AM – 1:00 AM	Sunday: 9:00 AM – 12:00 AM	636	Youth Cultural Center (YCC)	en	cultural_center	
ChIJJbrB6YUVVBMRxdzhz_7SKgo	+389 75 760 497	41.9945448	21.429421	4.6	Monday: 8:00 AM – 1:00 AM	Tuesday: 8:00 AM – 1:00 AM	Wednesday: 8:00 AM – 1:00 AM	Thursday: 8:00 AM – 1:00 AM	Friday: 8:00 AM – 1:00 AM	Saturday: 9:00 AM – 1:00 AM	Sunday: 9:00 AM – 1:00 AM	678	Café Kotur	en	bar	PRICE_LEVEL_MODERATE
ChIJG755urEVVBMRUPqJREkQzyI	+389 2 313 3102	41.9986907	21.4357692	4.4								482	National Gallery of North Macedonia	en	art_gallery	
ChIJS5EkVK4VVBMR1SD1Kufk_JM	+389 2 311 6044	42.0026521	21.4362286	3.9	Monday: Closed	Tuesday: 8:00 AM – 4:00 PM	Wednesday: 8:00 AM – 4:00 PM	Thursday: 8:00 AM – 4:00 PM	Friday: 8:00 AM – 4:00 PM	Saturday: 9:00 AM – 3:00 PM	Sunday: 9:00 AM – 1:00 PM	240	Museum of Macedonia	en	history_museum	
ChIJN9DYx68VVBMRw3Brcy062ZY	+389 2 322 7986	42.0011685	21.4372826	4.4	Monday: Closed	Tuesday: 10:00 AM – 6:00 PM	Wednesday: 10:00 AM – 6:00 PM	Thursday: 10:00 AM – 6:00 PM	Friday: 10:00 AM – 6:00 PM	Saturday: 10:00 AM – 6:00 PM	Sunday: 10:00 AM – 6:00 PM	2092	National Gallery – Čifte Hammam	en	museum	
ChIJQfboWtUVVBMRyfyck2mVniM	+389 70 674 111	42.0003224	21.4368554	3.9								46	Kapan Inn	en	history_museum	
ChIJHWQjq7sVVBMRu1IQGcTNpkk	+389 2 311 5225	41.9964136	21.4425707	4.5								190	Frosina Cinema	en	movie_theater	
ChIJ9y6zwrYVVBMRmtIEsKRr6eU	+389 2 312 0389	41.9946399	21.4358895	4.3								614	Milenium City Cinema	en	movie_theater	
ChIJR0_pnq8VVBMRpWBOUgahWZU		42.0019371	21.4381948	4.4								13	Childrens' Teatre Center	en	movie_theater	
ChIJKVJ9UQAVVBMRqId4o3a6awA		41.996147	21.4358896										arheološki muzej skoplje	sr-Latn	museum	
ChIJEabdmVIUVBMR7jQbUCR5jJo		42.0027926	21.4258296	1								2	Krug Film Production	en	movie_theater	
ChIJ-1fzsnIUVBMRo83wwFEJvSI	+389 2 307 1200	41.9996616	21.3909492	4.2	Monday: 8:00 AM – 12:00 AM	Tuesday: 8:00 AM – 12:00 AM	Wednesday: 8:00 AM – 12:00 AM	Thursday: 8:00 AM – 12:00 AM	Friday: 8:00 AM – 1:00 AM	Saturday: 8:00 AM – 1:00 AM	Sunday: 8:00 AM – 12:00 AM	2258	Forza Wine Bar & Restaurant	en	restaurant	PRICE_LEVEL_MODERATE
ChIJKx_X9JwVVBMRilHEbYVAflA	+389 70 380 333	41.9983717	21.3986025	4.2	Monday: 8:00 AM – 12:00 AM	Tuesday: 8:00 AM – 12:00 AM	Wednesday: 8:00 AM – 12:00 AM	Thursday: 8:00 AM – 12:00 AM	Friday: 8:00 AM – 12:00 AM	Saturday: 8:00 AM – 12:00 AM	Sunday: 9:00 AM – 11:00 PM	644	Desserts Oselot	en	dessert_restaurant	
ChIJ9S7jdmkUVBMRMuiqYnt5wWw	+389 72 529 734	42.0031304	21.4005709	4.5	Monday: 8:00 AM – 11:00 PM	Tuesday: 8:00 AM – 11:00 PM	Wednesday: 8:00 AM – 11:00 PM	Thursday: 8:00 AM – 11:00 PM	Friday: 8:00 AM – 12:00 AM	Saturday: 1:00 – 11:00 PM	Sunday: Closed	1966	Fast Food 7 - Karposh	en	fast_food_restaurant	PRICE_LEVEL_MODERATE
ChIJV4bMJLYVVBMRkDaaSPF0CVI	+389 2 309 0100	42.008315	21.3940034	4.5	Monday: 8:00 AM – 12:00 AM	Tuesday: 8:00 AM – 12:00 AM	Wednesday: 8:00 AM – 12:00 AM	Thursday: 8:00 AM – 12:00 AM	Friday: 8:00 AM – 1:00 AM	Saturday: 8:00 AM – 1:00 AM	Sunday: 9:00 AM – 12:00 AM	441	Oeno Wine Bar & Deli	en	wine_bar	PRICE_LEVEL_MODERATE
ChIJff6HYW4UVBMR9nr5MjZGj-w	+389 70 303 535	42.0044198	21.3947264	4.4	Monday: 1:00 – 11:00 PM	Tuesday: 9:00 AM – 12:00 AM	Wednesday: 9:00 AM – 12:00 AM	Thursday: 9:00 AM – 12:00 AM	Friday: 9:00 AM – 12:00 AM	Saturday: 9:00 AM – 12:00 AM	Sunday: 1:00 – 7:00 PM	1724	Restaurant Sidro 2	en	seafood_restaurant	PRICE_LEVEL_MODERATE
ChIJ123zcIQVVBMRfIRvwa71ZtQ	+389 70 583 395	41.9964031	21.3980855	4.7	Monday: 8:30 AM – 12:00 AM	Tuesday: 8:30 AM – 12:00 AM	Wednesday: 8:30 AM – 12:00 AM	Thursday: 8:30 AM – 12:00 AM	Friday: 8:30 AM – 1:00 AM	Saturday: 8:30 AM – 1:00 AM	Sunday: 8:30 AM – 12:00 AM	307	Pogon Bar	en	bar	
ChIJeUEjZmkUVBMR4FKmIZZ70vc	+389 2 306 1273	42.0031667	21.3995267	4.4	Monday: 8:00 AM – 12:00 AM	Tuesday: 8:00 AM – 12:00 AM	Wednesday: 8:00 AM – 12:00 AM	Thursday: 8:00 AM – 12:00 AM	Friday: 8:00 AM – 1:00 AM	Saturday: 8:00 AM – 1:00 AM	Sunday: 10:00 AM – 12:00 AM	2647	Pizza & Pasta Enriko	en	italian_restaurant	PRICE_LEVEL_MODERATE
ChIJLctF-FUVVBMRwVtwWdXlwIQ	+389 70 222 817	42.0034303	21.3982417	3.7	Monday: 8:00 AM – 12:00 AM	Tuesday: 8:00 AM – 12:00 AM	Wednesday: 8:00 AM – 12:00 AM	Thursday: 8:00 AM – 12:00 AM	Friday: 8:00 AM – 1:00 AM	Saturday: 8:00 AM – 1:00 AM	Sunday: 8:00 AM – 12:00 AM	1189	Revija	en	restaurant	PRICE_LEVEL_MODERATE
ChIJZXlG3dkVVBMRtmUt7fq0CuI	+389 75 234 966	41.9973866	21.3983609	4.4	Monday: 3:30 – 9:30 PM	Tuesday: 3:30 – 9:30 PM	Wednesday: 3:30 – 9:30 PM	Thursday: 3:30 – 9:30 PM	Friday: 3:30 – 9:30 PM	Saturday: 10:00 AM – 9:30 PM	Sunday: 10:00 AM – 9:30 PM	246	PLAY игротека & кафе	en	cafe	
ChIJv_KpSgAVVBMRD_jBC382R6E		42.0038428	21.39821	4.7	Monday: 8:00 AM – 11:30 PM	Tuesday: 8:00 AM – 11:30 PM	Wednesday: 8:00 AM – 11:30 PM	Thursday: 8:00 AM – 11:30 PM	Friday: 8:00 AM – 11:30 PM	Saturday: 9:00 AM – 11:30 PM	Sunday: 9:00 AM – 11:30 PM	86	Rutina Coffee House	en	coffee_shop	
ChIJz9-kXE4VVBMRpfwCk4ZDsEg	+389 75 351 135	42.0032467	21.3910754	4.5	Monday: 10:00 AM – 11:00 PM	Tuesday: 10:00 AM – 11:00 PM	Wednesday: 10:00 AM – 11:00 PM	Thursday: 10:00 AM – 11:00 PM	Friday: 10:00 AM – 11:00 PM	Saturday: 10:00 AM – 11:00 PM	Sunday: 10:00 AM – 11:00 PM	158	The Nest Skopje	en	restaurant	
ChIJw4z58WsUVBMR58gpw9mvYsw	+389 2 306 3908	42.0017209	21.3991215	4.6	Monday: 9:30 AM – 7:00 PM	Tuesday: 9:30 AM – 10:30 PM	Wednesday: Open 24 hours	Thursday: 9:30 AM – 10:30 PM	Friday: 9:30 AM – 10:30 PM	Saturday: 10:00 AM – 10:30 PM	Sunday: 10:00 AM – 6:00 PM	384	Fotka Restoran	en	restaurant	PRICE_LEVEL_MODERATE
ChIJqwdieG0UVBMR58MPv58nxPY	+389 75 727 110	42.0016434	21.3923802	4.5								1142	Skara Bar	en	restaurant	PRICE_LEVEL_MODERATE
ChIJVfYuLqoVVBMRarW7GBZ2ZSs	+389 70 222 125	41.9979277	21.398128	3.6	Monday: 8:00 AM – 1:00 AM	Tuesday: 8:00 AM – 1:00 AM	Wednesday: 8:00 AM – 1:00 AM	Thursday: 8:00 AM – 1:00 AM	Friday: 8:00 AM – 1:00 AM	Saturday: 8:00 AM – 1:00 AM	Sunday: 8:00 AM – 1:00 AM	139	Soma Lounge Bar	en	lounge_bar	
ChIJg28bRjgVVBMR-V3OlQQutCU	+389 71 221 166	41.9975101	21.3983571	4.7	Monday: 8:00 AM – 12:00 AM	Tuesday: 8:00 AM – 12:00 AM	Wednesday: 8:00 AM – 12:00 AM	Thursday: 8:00 AM – 12:00 AM	Friday: 8:00 AM – 12:00 AM	Saturday: 8:00 AM – 12:00 AM	Sunday: 8:00 AM – 11:00 PM	284	Café „Central Perk“	en	coffee_shop	
ChIJf06T6nMUVBMReg9yMwRZQ48	+389 70 355 550	42.0039253	21.3872356	4.1	Monday: 8:00 AM – 12:00 AM	Tuesday: 8:00 AM – 12:00 AM	Wednesday: 8:00 AM – 12:00 AM	Thursday: 8:00 AM – 12:00 AM	Friday: 8:00 AM – 12:00 AM	Saturday: 8:00 AM – 12:00 AM	Sunday: 8:00 AM – 12:00 AM	566	Slatkarnica Palma	en	pastry_shop	PRICE_LEVEL_MODERATE
ChIJRdtHFRUUVBMRmlRnSplZ7kU	+389 70 208 519	41.9960241	21.4021817	4.3	Monday: 8:00 AM – 12:00 AM	Tuesday: 8:00 AM – 12:00 AM	Wednesday: 8:00 AM – 12:00 AM	Thursday: 8:00 AM – 12:00 AM	Friday: 8:00 AM – 12:00 AM	Saturday: 8:00 AM – 12:00 AM	Sunday: 8:00 AM – 12:00 AM	1240	National Restaurant Makedonska Kukja	en	restaurant	PRICE_LEVEL_MODERATE
ChIJQwe9ZBQUVBMRXZPharDRhRg	+389 71 304 186	41.9953363	21.3986565	4.3	Monday: 9:00 AM – 12:00 AM	Tuesday: 9:00 AM – 12:00 AM	Wednesday: 9:00 AM – 12:00 AM	Thursday: 9:00 AM – 12:00 AM	Friday: 9:00 AM – 1:00 AM	Saturday: 9:00 AM – 1:00 AM	Sunday: 12:00 – 8:00 PM	623	Chashka Restaurant	en	restaurant	PRICE_LEVEL_MODERATE
ChIJvaUjcGkUVBMRkzwRkp8d-gw	+389 2 306 1127	42.0031844	21.4000883	4.3	Monday: 9:00 AM – 12:00 AM	Tuesday: 9:00 AM – 12:00 AM	Wednesday: 9:00 AM – 12:00 AM	Thursday: 9:00 AM – 12:00 AM	Friday: 9:00 AM – 1:00 AM	Saturday: 9:00 AM – 12:00 AM	Sunday: 9:00 AM – 12:00 AM	1702	Martini Cafe	en	cafe	PRICE_LEVEL_MODERATE
ChIJN5g3ra8VVBMRSB7eXi9zn9E		42.0007751	21.4367395	4.5	Monday: Open 24 hours	Tuesday: Open 24 hours	Wednesday: Open 24 hours	Thursday: Open 24 hours	Friday: Open 24 hours	Saturday: Open 24 hours	Sunday: Open 24 hours	25902	Old Bazaar - Skopje Old Town	en		
ChIJzcKU4LMVVBMRPgoXjpkscJo		41.9969525	21.4330059	4.7	Monday: Open 24 hours	Tuesday: Open 24 hours	Wednesday: Open 24 hours	Thursday: Open 24 hours	Friday: Open 24 hours	Saturday: Open 24 hours	Sunday: Open 24 hours	7541	Stone Bridge	en	bridge	
ChIJsb8Mv0wUVBMRf9issIqO_gk	+389 2 322 7450	41.9985237	21.4264284	4.8	Monday: 6:00 AM – 8:00 PM	Tuesday: 6:00 AM – 8:00 PM	Wednesday: 6:00 AM – 8:00 PM	Thursday: 6:00 AM – 8:00 PM	Friday: 6:00 AM – 8:00 PM	Saturday: 6:00 AM – 5:00 PM	Sunday: 6:00 AM – 12:00 AM	2428	Archbishop Cathedral „St. Clement of Ohrid”	en	church	
ChIJQyQJdbQVVBMRlHmypEnmICQ		41.9962799	21.4318703	4.6	Monday: Open 24 hours	Tuesday: Open 24 hours	Wednesday: Open 24 hours	Thursday: Open 24 hours	Friday: Open 24 hours	Saturday: Open 24 hours	Sunday: Open 24 hours	5881	„Macedonia“ Square	en	tourist_attraction	
ChIJ9xOWRK4VVBMRFvfRsTVuw_k	+389 2 329 7204	42.0020249	21.4354192	4.7	Monday: Open 24 hours	Tuesday: Open 24 hours	Wednesday: Open 24 hours	Thursday: Open 24 hours	Friday: Open 24 hours	Saturday: Open 24 hours	Sunday: Open 24 hours	1250	Mustafa Pasha Mosque	en	mosque	
ChIJYavsmq8VVBMRadMQNLcAxsE	+389 2 323 0603	42.0015528	21.4385933	4.3	Monday: Open 24 hours	Tuesday: Open 24 hours	Wednesday: Open 24 hours	Thursday: Open 24 hours	Friday: Open 24 hours	Saturday: Open 24 hours	Sunday: Open 24 hours	767	Hotel Arka	en	hotel	
ChIJifNNd3MVVBMRYZ9JCnt0UhI	+389 70 709 799	42.0002959	21.4357488	4.2	Monday: 8:30 AM – 11:00 PM	Tuesday: 8:30 AM – 11:00 PM	Wednesday: 8:30 AM – 11:00 PM	Thursday: 8:30 AM – 11:00 PM	Friday: 8:30 AM – 11:00 PM	Saturday: 8:30 AM – 11:00 PM	Sunday: 8:30 AM – 11:00 PM	416	Kaçamaku Skopje	en	restaurant	
ChIJW1gerrYVVBMR3bd2j99hsS0	+389 78 887 733	41.9955607	21.4339472	4.3	Monday: 8:00 AM – 12:00 AM	Tuesday: 8:00 AM – 12:00 AM	Wednesday: 8:00 AM – 12:00 AM	Thursday: 8:00 AM – 12:00 AM	Friday: 8:00 AM – 1:00 AM	Saturday: 8:00 AM – 1:00 AM	Sunday: 10:00 AM – 12:00 AM	3794	Soul Kitchen - Macedonian Wine & Cuisine	en	soul_food_restaurant	PRICE_LEVEL_MODERATE
ChIJh9gVc7wVVBMR1rrN8SGQKpA	+389 2 311 1141	41.9951386	21.4298189	4.5	Monday: Open 24 hours	Tuesday: Open 24 hours	Wednesday: Open 24 hours	Thursday: Open 24 hours	Friday: Open 24 hours	Saturday: Open 24 hours	Sunday: Open 24 hours	386	Alexandar Square Boutique Hotel	en	hotel	
ChIJb4VsqHkVVBMRIA0SivmOn98	+389 70 236 665	41.9947223	21.4310693	4.1	Monday: 7:00 AM – 11:00 PM	Tuesday: 7:00 AM – 11:00 PM	Wednesday: 7:00 AM – 11:00 PM	Thursday: 7:00 AM – 11:00 PM	Friday: 7:00 AM – 11:00 PM	Saturday: 7:00 AM – 11:00 PM	Sunday: 7:00 AM – 11:00 PM	600	Breadway Taste Gallery	en	cake_shop	
ChIJe8Y1bawVVBMRncqqE2UTTko	+389 2 322 2853	41.999484	21.435799	4.5	Monday: 8:00 AM – 11:00 PM	Tuesday: 8:00 AM – 11:00 PM	Wednesday: 8:00 AM – 11:00 PM	Thursday: 8:00 AM – 11:00 PM	Friday: 8:00 AM – 11:00 PM	Saturday: 8:00 AM – 11:00 PM	Sunday: 8:00 AM – 11:00 PM	726	Sweets Shop Rigara	en	pastry_shop	
ChIJgYSNTLEVVBMR0zRZjWfud4k	+389 2 322 4044	41.9959336	21.4344868	4.6								1030	Hotel Senigallia	en	hotel	
ChIJbZ4wRUwUVBMRH18M9ucRlJA	+389 2 321 7874	41.9996329	21.4238844	4.4	Monday: 10:00 AM – 12:00 AM	Tuesday: 10:00 AM – 12:00 AM	Wednesday: 10:00 AM – 12:00 AM	Thursday: 10:00 AM – 12:00 AM	Friday: 10:00 AM – 1:00 AM	Saturday: 10:00 AM – 1:00 AM	Sunday: 10:00 AM – 12:00 AM	1475	Japanese Restaurant SushiCo	en	sushi_restaurant	
ChIJT1gVAcAVVBMReNYSXnOvzEQ	+389 78 838 826	41.9875458	21.4511297	4.4	Monday: 8:00 AM – 12:00 AM	Tuesday: 8:00 AM – 12:00 AM	Wednesday: 8:00 AM – 12:00 AM	Thursday: 8:00 AM – 12:00 AM	Friday: 8:00 AM – 12:00 AM	Saturday: 8:00 AM – 12:00 AM	Sunday: 8:00 AM – 12:00 AM	1197	Café Block	en	cafe	PRICE_LEVEL_MODERATE
ChIJzUWx0LNzwQ4RAzZBw1NH9bc	+221 33 868 45 30	41.9973859	21.4512754	4.3	Monday: 9:00 AM – 1:30 PM, 3:00 – 7:00 PM	Tuesday: 9:00 AM – 1:30 PM, 3:00 – 7:00 PM	Wednesday: 9:00 AM – 1:30 PM, 3:00 – 7:00 PM	Thursday: 9:00 AM – 1:30 PM, 3:00 – 7:00 PM	Friday: 9:00 AM – 1:30 PM, 3:00 – 7:00 PM	Saturday: 9:00 AM – 1:30 PM, 3:00 – 7:00 PM	Sunday: Closed	158	Arte Dakar	en	art_gallery	
ChIJ-cUObL4VVBMRFh3lgz8ta5M	+389 2 240 0501	41.9919768	21.4496362	4.2	Monday: 8:00 AM – 11:59 PM	Tuesday: 8:00 AM – 11:59 PM	Wednesday: 8:00 AM – 11:59 PM	Thursday: 8:00 AM – 11:59 PM	Friday: 8:00 AM – 1:00 AM	Saturday: 8:00 AM – 1:00 AM	Sunday: 11:00 AM – 11:59 PM	1552	Lounge Bar Get	en	restaurant	PRICE_LEVEL_MODERATE
ChIJIceKapUVVBMR5GsN4CHb6Ow	+389 2 246 0512	41.9886307	21.4531067	4.2	Monday: 8:00 AM – 12:00 AM	Tuesday: 8:00 AM – 12:00 AM	Wednesday: 8:00 AM – 12:00 AM	Thursday: 8:00 AM – 12:00 AM	Friday: 8:00 AM – 12:00 AM	Saturday: 8:00 AM – 12:00 AM	Sunday: Closed	2008	Café Palma	en	cake_shop	PRICE_LEVEL_MODERATE
ChIJFasgEAAVVBMR5gyg-_E35w4	+389 72 261 478	41.9853715	21.4499994	4.7	Monday: 7:30 AM – 6:00 PM	Tuesday: 7:30 AM – 6:00 PM	Wednesday: 7:30 AM – 6:00 PM	Thursday: 7:30 AM – 6:00 PM	Friday: 7:30 AM – 6:00 PM	Saturday: 8:00 AM – 4:00 PM	Sunday: Closed	203	Pan Pan - Bakery & Specialty Coffee	en	bakery	
ChIJzbXzdQAVVBMRh0Nzb-BBqoU	+389 73 844 444	41.9910511	21.4467981	3.7	Monday: 7:00 AM – 2:00 AM	Tuesday: 7:00 AM – 2:00 AM	Wednesday: 7:00 AM – 2:00 AM	Thursday: 7:00 AM – 2:00 AM	Friday: 7:00 AM – 2:00 AM	Saturday: 7:00 AM – 2:00 AM	Sunday: 7:00 AM – 11:55 PM	408	Bistro Juzna Pruga	en	restaurant	
ChIJo9g2CcgVVBMRw5fe6AOD95A	+389 77 592 211	41.9894685	21.4392178	4.1	Monday: 8:00 AM – 11:30 PM	Tuesday: 8:00 AM – 11:30 PM	Wednesday: 8:00 AM – 11:30 PM	Thursday: 8:00 AM – 11:30 PM	Friday: 8:00 AM – 1:00 AM	Saturday: 10:00 AM – 1:00 AM	Sunday: Closed	1140	La Tana Restaurant	en	restaurant	PRICE_LEVEL_MODERATE
ChIJsRiadyYVVBMR-zc6RZlSidk	+389 71 204 140	41.9932767	21.4375644	4.7	Monday: 8:00 AM – 12:00 AM	Tuesday: 8:00 AM – 12:00 AM	Wednesday: 8:00 AM – 12:00 AM	Thursday: 8:00 AM – 12:00 AM	Friday: 8:00 AM – 12:00 AM	Saturday: 9:00 AM – 1:00 AM	Sunday: Closed	712	Куќа	mk	restaurant	
ChIJQXefz7YVVBMRCSlICP2oDjc	+389 2 325 6337	41.9950676	21.4356613	4.3	Monday: 8:00 AM – 12:00 AM	Tuesday: 8:00 AM – 12:00 AM	Wednesday: 8:00 AM – 12:00 AM	Thursday: 8:00 AM – 12:00 AM	Friday: 8:00 AM – 1:00 AM	Saturday: 8:00 AM – 1:00 AM	Sunday: 8:00 AM – 12:00 AM	3256	Irish Pub Saint Patrick	en	irish_pub	PRICE_LEVEL_MODERATE
ChIJe2Q8O7UVVBMRNIWi3IdsM3I	+389 70 822 799	41.9916526	21.4523979	4.1	Monday: 8:00 AM – 12:00 AM	Tuesday: 8:00 AM – 12:00 AM	Wednesday: 8:00 AM – 12:00 AM	Thursday: 8:00 AM – 1:00 AM	Friday: 8:00 AM – 1:00 AM	Saturday: 9:00 AM – 1:00 AM	Sunday: 9:00 AM – 12:00 AM	406	Bien	en	restaurant	PRICE_LEVEL_MODERATE
ChIJgTuSEQAVVBMRA1bUcPys8-Q	+389 70 299 966	41.9858774	21.4504345	3.7	Monday: 8:00 AM – 12:00 AM	Tuesday: 8:00 AM – 12:00 AM	Wednesday: 8:00 AM – 12:00 AM	Thursday: 8:00 AM – 12:00 AM	Friday: 8:00 AM – 12:00 AM	Saturday: 10:00 AM – 12:00 AM	Sunday: Closed	79	Fitness House Aerodrom	en	restaurant	
ChIJQzDDmH4VVBMRFS1gDb7-gzo	+389 78 444 399	41.9872709	21.4518606	3.9	Monday: 8:00 AM – 12:00 AM	Tuesday: 8:00 AM – 12:00 AM	Wednesday: 8:00 AM – 12:00 AM	Thursday: 8:00 AM – 12:00 AM	Friday: 8:00 AM – 1:00 AM	Saturday: 8:00 AM – 1:00 AM	Sunday: 8:00 AM – 12:00 AM	389	Aviator	en	restaurant	
ChIJjZpdACoVVBMRrNQ5aas4gIc	+389 71 515 117	41.9896053	21.4479782	4.3	Monday: 8:00 AM – 12:00 AM	Tuesday: 8:00 AM – 12:00 AM	Wednesday: 8:00 AM – 12:00 AM	Thursday: 8:00 AM – 12:00 AM	Friday: 8:00 AM – 1:00 AM	Saturday: 8:00 AM – 1:00 AM	Sunday: 8:00 AM – 1:00 AM	333	Трач Бар	en	bar	PRICE_LEVEL_INEXPENSIVE
ChIJeVr3OK8VVBMRMouXXnj5GTY	+389 2 306 0070	41.9816732	21.4561537	4	Monday: 8:00 AM – 11:55 PM	Tuesday: 8:00 AM – 11:55 PM	Wednesday: 8:00 AM – 11:55 PM	Thursday: 8:00 AM – 11:55 PM	Friday: 8:00 AM – 1:00 AM	Saturday: 8:00 AM – 1:00 AM	Sunday: 8:00 AM – 11:55 PM	1149	Restoran Dion (Aerodrom)	en	restaurant	PRICE_LEVEL_MODERATE
ChIJ9821EFkVVBMR4GcBx23w2Ws	+389 71 386 622	41.9810207	21.4554409	4.2	Monday: 8:00 AM – 12:00 AM	Tuesday: 8:00 AM – 12:00 AM	Wednesday: 8:00 AM – 12:00 AM	Thursday: 8:00 AM – 12:00 AM	Friday: 8:00 AM – 1:00 AM	Saturday: 12:00 PM – 1:00 AM	Sunday: 12:00 PM – 12:00 AM	373	Srekja Bar & Food	en	bar	PRICE_LEVEL_MODERATE
ChIJRVzJSjIVVBMRdhq8A7z5tYE	+389 70 361 500	41.9837224	21.4551019	4.5	Monday: 9:00 AM – 9:30 PM	Tuesday: 9:00 AM – 9:30 PM	Wednesday: 9:00 AM – 9:30 PM	Thursday: 9:00 AM – 9:30 PM	Friday: 9:00 AM – 9:30 PM	Saturday: 9:00 AM – 9:30 PM	Sunday: 9:00 AM – 9:30 PM	250	Verona Picerija Aerodrom	en	pizza_restaurant	PRICE_LEVEL_MODERATE
ChIJuXGdZgQVVBMRNk2XCWQoFUo	+389 70 334 341	41.9825189	21.4723901	4	Monday: 9:00 AM – 12:00 AM	Tuesday: 9:00 AM – 12:00 AM	Wednesday: 9:00 AM – 12:00 AM	Thursday: 9:00 AM – 12:00 AM	Friday: 9:00 AM – 12:00 AM	Saturday: 10:00 AM – 12:00 AM	Sunday: 10:00 AM – 12:00 AM	520	Baking Bread	en	fast_food_restaurant	
ChIJwazxwNAVVBMRPhLrRhkp7uk	+389 70 800 400	41.9851912	21.4660279	4.3	Monday: Open 24 hours	Tuesday: Open 24 hours	Wednesday: Open 24 hours	Thursday: Open 24 hours	Friday: Open 24 hours	Saturday: Open 24 hours	Sunday: 10:00 PM – 12:00 AM	456	Silbo Furna - Biser Mall	en	bakery	PRICE_LEVEL_MODERATE
ChIJWW7eVu4VVBMRx5zoGnG9GNw		41.9879358	21.4740608	3.8	Monday: 10:00 AM – 11:55 PM	Tuesday: 10:00 AM – 11:55 PM	Wednesday: 10:00 AM – 11:55 PM	Thursday: 10:00 AM – 11:55 PM	Friday: 10:00 AM – 11:55 PM	Saturday: 10:00 AM – 11:55 PM	Sunday: 10:00 AM – 11:55 PM	296	KFC Drive Thru - Novo Lisiche	en	fast_food_restaurant	
ChIJscShupUVVBMRVFragY5n8dc	+389 70 318 504	41.9902604	21.4538376	4.3	Monday: 9:00 AM – 12:00 AM	Tuesday: 9:00 AM – 12:00 AM	Wednesday: 9:00 AM – 12:00 AM	Thursday: 9:00 AM – 12:00 AM	Friday: 9:00 AM – 12:00 AM	Saturday: 12:00 PM – 1:00 AM	Sunday: 12:00 – 8:00 PM	673	Moja Kuḱa	en	restaurant	PRICE_LEVEL_MODERATE
ChIJu5o_EY0VVBMROXticz7AqgU	+389 76 436 605	41.9867739	21.4653873	4.3	Monday: 8:00 AM – 8:00 PM	Tuesday: 8:00 AM – 12:00 AM	Wednesday: 8:00 AM – 12:00 AM	Thursday: 8:00 AM – 12:00 AM	Friday: 8:00 AM – 12:00 AM	Saturday: 8:00 AM – 12:00 AM	Sunday: 8:00 AM – 8:00 PM	927	Pastrmajlija & Grill House	en	restaurant	PRICE_LEVEL_MODERATE
ChIJUaaPN_MVVBMR6J6BEjxa8ng	+389 2 245 0590	41.9838746	21.4676231	4.4	Monday: 9:00 AM – 12:00 AM	Tuesday: 9:00 AM – 12:00 AM	Wednesday: 9:00 AM – 12:00 AM	Thursday: 9:00 AM – 12:00 AM	Friday: 9:00 AM – 1:00 AM	Saturday: 9:00 AM – 1:00 AM	Sunday: 9:00 AM – 6:00 PM	700	Nalej	en	restaurant	PRICE_LEVEL_MODERATE
ChIJU879LY0VVBMR-xqcPrOqigc	+389 70 906 908	41.985365	21.465619	4.5	Monday: 9:00 AM – 12:00 AM	Tuesday: 9:00 AM – 12:00 AM	Wednesday: 9:00 AM – 12:00 AM	Thursday: 9:00 AM – 12:00 AM	Friday: 9:00 AM – 12:00 AM	Saturday: 9:00 AM – 12:00 AM	Sunday: 9:00 AM – 12:00 AM	925	Gama	en	restaurant	PRICE_LEVEL_MODERATE
ChIJb-PpJDQVVBMR9PxN5ZT0aWQ	+389 71 217 216	41.9799433	21.4665324	4.8	Monday: 8:00 AM – 12:00 AM	Tuesday: 8:00 AM – 12:00 AM	Wednesday: 8:00 AM – 12:00 AM	Thursday: 8:00 AM – 12:00 AM	Friday: 8:00 AM – 1:00 AM	Saturday: 8:00 AM – 1:00 AM	Sunday: 10:00 AM – 10:00 PM	242	Restaurant Kabranti	en	italian_restaurant	
ChIJUeHNkZEVVBMRFdx6uROASs4	+389 78 995 121	41.9897923	21.4588546	4.4	Monday: 8:00 AM – 12:00 AM	Tuesday: 8:00 AM – 12:00 AM	Wednesday: 8:00 AM – 12:00 AM	Thursday: 8:00 AM – 12:00 AM	Friday: 8:00 AM – 12:00 AM	Saturday: 8:00 AM – 12:00 AM	Sunday: 8:00 AM – 12:00 AM	726	Gostilnica Trokadero	en	restaurant	PRICE_LEVEL_INEXPENSIVE
ChIJMWZ6yg8VVBMRtf8i_jqf0ZI	+389 71 699 909	41.9878867	21.4534952	3	Monday: 9:00 AM – 11:30 PM	Tuesday: 9:00 AM – 11:30 PM	Wednesday: 9:00 AM – 11:30 PM	Thursday: 9:00 AM – 11:30 PM	Friday: 9:00 AM – 12:30 AM	Saturday: 9:00 AM – 12:30 AM	Sunday: 9:00 AM – 11:30 PM	547	Munchies Burger	en	fast_food_restaurant	
ChIJiezUsPQVVBMRAkb3G8gkpdE	+389 2 312 5125	41.9838009	21.4699348	3.7	Monday: 10:00 AM – 11:00 PM	Tuesday: 10:00 AM – 11:00 PM	Wednesday: 10:00 AM – 11:00 PM	Thursday: 10:00 AM – 11:00 PM	Friday: 10:00 AM – 11:00 PM	Saturday: 10:00 AM – 11:00 PM	Sunday: 10:00 AM – 11:00 PM	333	Domino's Pizza (Aerodrom)	en	pizza_restaurant	
ChIJXa4IbFkVVBMR5BiTIqsgtvw	+389 70 358 500	41.9812988	21.4727408	4.4	Monday: 8:00 AM – 12:00 AM	Tuesday: 8:00 AM – 12:00 AM	Wednesday: 8:00 AM – 12:00 AM	Thursday: 8:00 AM – 12:00 AM	Friday: 8:00 AM – 12:00 AM	Saturday: 8:00 AM – 1:00 AM	Sunday: 8:00 AM – 10:00 PM	1000	Daily Food & Wine Lisa	en	restaurant	PRICE_LEVEL_EXPENSIVE
ChIJ151bVDEVVBMRFbmYBlvw0Bo	+389 73 877 778	41.9801057	21.4593934	5	Monday: 8:00 AM – 11:45 PM	Tuesday: 8:00 AM – 11:45 PM	Wednesday: 8:00 AM – 11:45 PM	Thursday: 8:00 AM – 11:45 PM	Friday: 8:00 AM – 11:45 PM	Saturday: 8:00 AM – 11:45 PM	Sunday: Closed	21	Kinder Kafe	en	cafe	
ChIJWxjh9Y0VVBMRz8TC9vbHu9E	+389 2 244 2544	41.989197	21.4634431	4.5	Monday: 9:00 AM – 11:30 PM	Tuesday: 9:00 AM – 11:30 PM	Wednesday: 9:00 AM – 11:30 PM	Thursday: 9:00 AM – 11:30 PM	Friday: 9:00 AM – 12:00 AM	Saturday: 2:00 – 11:00 PM	Sunday: Closed	1019	Skara Leskovac	en	fast_food_restaurant	
ChIJD2toWvQVVBMRMITbqu4JsBM	+389 2 246 2077	41.9810608	21.4714861	4.5	Monday: 8:00 AM – 12:00 AM	Tuesday: 8:00 AM – 12:00 AM	Wednesday: 8:00 AM – 12:00 AM	Thursday: 8:00 AM – 12:00 AM	Friday: 8:00 AM – 1:00 AM	Saturday: 8:00 AM – 1:00 AM	Sunday: 10:00 AM – 12:00 AM	431	Café Film	en	cafe	PRICE_LEVEL_INEXPENSIVE
ChIJv3EUy94VVBMRa6eOtKXr7Q0	+389 2 277 7457	41.9727586	21.444993	4.3	Monday: 8:00 AM – 12:00 AM	Tuesday: 8:00 AM – 12:00 AM	Wednesday: 8:00 AM – 12:00 AM	Thursday: 8:00 AM – 12:00 AM	Friday: 8:00 AM – 1:00 AM	Saturday: 8:00 AM – 1:00 AM	Sunday: 9:00 AM – 12:00 AM	2406	Café Get	en	cafe	PRICE_LEVEL_MODERATE
ChIJBxL9a7IVVBMRbiT6vMWj6QM	+389 71 616 500	41.9768223	21.4463797	4.8	Monday: 8:00 AM – 12:00 AM	Tuesday: 8:00 AM – 12:00 AM	Wednesday: 8:00 AM – 12:00 AM	Thursday: 8:00 AM – 12:00 AM	Friday: 8:00 AM – 12:00 AM	Saturday: 8:00 AM – 12:00 AM	Sunday: 8:00 AM – 12:00 AM	460	15 za 12	en	restaurant	
ChIJT2PVQp4VVBMR_vsN-44qNkg	+389 72 209 606	41.9735508	21.4375199	4.6	Monday: 10:00 AM – 12:00 AM	Tuesday: 10:00 AM – 12:00 AM	Wednesday: 10:00 AM – 12:00 AM	Thursday: 10:00 AM – 12:00 AM	Friday: 10:00 AM – 1:00 AM	Saturday: 10:00 AM – 1:00 AM	Sunday: 10:00 AM – 12:00 AM	210	Bar Groovelyn	en	bar	
ChIJu2MPz-sVVBMRxBq1oF6UIcw	+389 70 353 085	41.9767806	21.4443851	4.4	Monday: 8:00 AM – 12:00 AM	Tuesday: 8:00 AM – 12:00 AM	Wednesday: 8:00 AM – 12:00 AM	Thursday: 8:00 AM – 12:00 AM	Friday: 8:00 AM – 1:00 AM	Saturday: 8:00 AM – 1:00 AM	Sunday: 8:00 AM – 12:00 AM	575	Point Café	en	cafe	PRICE_LEVEL_MODERATE
ChIJ4e6Pt94VVBMRdv3ClOg9Jew	+389 78 841 484	41.9734147	21.4462515	4.3	Monday: 8:00 AM – 12:00 AM	Tuesday: 8:00 AM – 12:00 AM	Wednesday: 8:00 AM – 12:00 AM	Thursday: 8:00 AM – 12:00 AM	Friday: 8:00 AM – 12:00 AM	Saturday: 8:00 AM – 12:00 AM	Sunday: 8:00 AM – 12:00 AM	571	Quatro Caffe	en	cafe	PRICE_LEVEL_MODERATE
ChIJKwqmTQAVVBMRy_84NLjbnMc	+389 79 218 020	41.979086	21.4383962	4.4	Monday: 8:00 AM – 12:00 AM	Tuesday: 8:00 AM – 12:00 AM	Wednesday: 8:00 AM – 12:00 AM	Thursday: 8:00 AM – 12:00 AM	Friday: 8:00 AM – 1:00 AM	Saturday: 8:00 AM – 1:00 AM	Sunday: 9:00 AM – 12:00 AM	122	Akademija Caffe	en	coffee_shop	
ChIJdRH-MYQVVBMR7geist2QcwE	+389 71 290 239	41.9731365	21.444081	4.3	Monday: 5:00 – 11:30 PM	Tuesday: 5:00 – 11:30 PM	Wednesday: 5:00 – 11:30 PM	Thursday: 5:00 – 11:30 PM	Friday: 5:00 – 11:30 PM	Saturday: 12:00 – 11:30 PM	Sunday: 12:00 – 11:30 PM	72	Kinoverzum - Kisela Voda	en	movie_theater	
ChIJjWcuUfM_VBMRAWpr7gIOZ2k	+389 75 233 777	41.9767303	21.4456951	4.5	Monday: 5:30 – 10:00 PM	Tuesday: 5:30 – 10:00 PM	Wednesday: 5:30 – 10:00 PM	Thursday: 5:30 – 10:00 PM	Friday: 5:30 – 10:00 PM	Saturday: 12:00 – 9:30 PM	Sunday: 12:00 – 9:30 PM	35	Тинејџтека "Во светот на тинејџерите"	en	cafe	
ChIJ74rmZ88VVBMRfY8crB-F2TI	+389 78 921 138	41.9841892	21.4388675	4.6	Monday: 8:00 AM – 12:00 AM	Tuesday: 8:00 AM – 12:00 AM	Wednesday: 8:00 AM – 12:00 AM	Thursday: 8:00 AM – 12:00 AM	Friday: 8:00 AM – 1:00 AM	Saturday: 8:00 AM – 1:00 AM	Sunday: 8:00 AM – 12:00 AM	858	Restaurant Bratski Merak	en	restaurant	PRICE_LEVEL_MODERATE
ChIJrViYJ0QVVBMRhjsfhzV4j8g	+389 78 445 405	41.9740448	21.4452418	4.4	Monday: 8:00 AM – 12:00 AM	Tuesday: 8:00 AM – 12:00 AM	Wednesday: 8:00 AM – 12:00 AM	Thursday: 8:00 AM – 12:00 AM	Friday: 8:00 AM – 12:00 AM	Saturday: 8:00 AM – 1:00 AM	Sunday: 8:00 AM – 12:00 AM	145	Mint Caffee Bar	en	coffee_shop	
ChIJGWPCsFMVVBMRcFqopqhncQ4	+389 76 863 637	41.9763395	21.4451975	3.6	Monday: 4:00 – 10:00 PM	Tuesday: 4:00 – 10:00 PM	Wednesday: 4:00 – 10:00 PM	Thursday: 4:00 – 10:00 PM	Friday: 4:00 – 10:00 PM	Saturday: 12:00 – 10:00 PM	Sunday: 12:00 – 10:00 PM	43	Kafe Igroteka Happy Kids (Kisela Voda)	en	cafe	
ChIJzfOE9-kVVBMRAEC1jI6j8-Q	+389 75 399 893	41.9827805	21.4521448	3.9	Monday: Open 24 hours	Tuesday: Open 24 hours	Wednesday: Open 24 hours	Thursday: Open 24 hours	Friday: Open 24 hours	Saturday: Open 24 hours	Sunday: Open 24 hours	78	OKTA	en	gas_station	
ChIJZaHEqtoVVBMRxJ1lkeO5_Rs	+389 70 457 050	41.980533	21.4396477	4.2	Monday: 8:00 AM – 12:00 AM	Tuesday: 8:00 AM – 12:00 AM	Wednesday: 8:00 AM – 12:00 AM	Thursday: 8:00 AM – 12:00 AM	Friday: 8:00 AM – 12:00 AM	Saturday: 8:00 AM – 12:00 AM	Sunday: 8:00 AM – 12:00 AM	258	Café Mango	en	cafe	
ChIJY7_wYAAVVBMRsFe0SnQGMm8	+389 71 208 214	41.9825827	21.4520237	4.1	Monday: 8:00 AM – 12:00 AM	Tuesday: 8:00 AM – 12:00 AM	Wednesday: 8:00 AM – 12:00 AM	Thursday: 8:00 AM – 12:00 AM	Friday: 8:00 AM – 2:00 AM	Saturday: 8:00 AM – 2:00 AM	Sunday: 10:00 AM – 12:00 AM	127	Smash Burger	en	hamburger_restaurant	
ChIJZ7apy94VVBMR6sIJ0q0q_0A	+389 70 266 841	41.9733315	21.4456081	4.4	Monday: 8:00 AM – 12:00 AM	Tuesday: 8:00 AM – 12:00 AM	Wednesday: 8:00 AM – 12:00 AM	Thursday: 8:00 AM – 12:00 AM	Friday: 8:00 AM – 1:00 AM	Saturday: 8:00 AM – 1:00 AM	Sunday: 8:00 AM – 12:00 AM	420	Bass Cafe	en	cafe	PRICE_LEVEL_MODERATE
ChIJbVggkEIVVBMRVN9AaRhKwgk	+389 71 306 681	41.9834266	21.4387798	4	Monday: 7:30 AM – 9:00 PM	Tuesday: 7:30 AM – 9:00 PM	Wednesday: 7:30 AM – 9:00 PM	Thursday: 7:30 AM – 9:00 PM	Friday: 7:30 AM – 9:00 PM	Saturday: 8:00 AM – 4:00 PM	Sunday: Closed	63	Freshii Healthy Food & Coffee	en	restaurant	
ChIJWw6NCLEVVBMRPgEAy-33IfY	+389 70 361 858	41.976785	21.4447654	4.6	Monday: 9:00 AM – 10:00 PM	Tuesday: 9:00 AM – 10:00 PM	Wednesday: 9:00 AM – 10:00 PM	Thursday: 9:00 AM – 10:00 PM	Friday: 9:00 AM – 10:00 PM	Saturday: 9:00 AM – 10:00 PM	Sunday: 9:00 AM – 10:00 PM	93	Picerija Verona Kisela Voda	en	pizza_restaurant	
ChIJaewW8ygVVBMR5zF6CPIJrfc	+389 76 212 229	41.9807237	21.4391233	4.4	Monday: 8:00 AM – 12:00 AM	Tuesday: 8:00 AM – 12:00 AM	Wednesday: 8:00 AM – 12:00 AM	Thursday: 8:00 AM – 12:00 AM	Friday: 8:00 AM – 12:00 AM	Saturday: 8:00 AM – 12:00 AM	Sunday: Closed	98	Magic House	en	restaurant	
ChIJH9huhScVVBMRE7wyp5fekhw	+389 72 307 179	41.9757799	21.4446861	4.7	Monday: 8:00 AM – 12:00 AM	Tuesday: 8:00 AM – 12:00 AM	Wednesday: 8:00 AM – 12:00 AM	Thursday: 8:00 AM – 12:00 AM	Friday: 8:00 AM – 1:00 AM	Saturday: 8:00 AM – 1:00 AM	Sunday: Closed	57	Restaurant Kotle	en	restaurant	
ChIJBxPDSN4VVBMRJQHy2eTFLVk	+389 77 673 050	41.9828224	21.4349465	4.7	Monday: 7:00 AM – 12:00 AM	Tuesday: 7:00 AM – 12:00 AM	Wednesday: 7:00 AM – 12:00 AM	Thursday: 7:00 AM – 12:00 AM	Friday: 7:00 AM – 1:00 AM	Saturday: 8:00 AM – 1:00 AM	Sunday: 10:00 AM – 12:00 AM	80	Mind	en	cafeteria	
ChIJsWEUxYwTVBMRsWwqfzK3kBE	+389 70 822 696	42.0056036	21.3776223	4.6	Monday: 4:00 PM – 12:00 AM	Tuesday: 4:00 PM – 12:00 AM	Wednesday: 4:00 PM – 12:00 AM	Thursday: 4:00 PM – 12:00 AM	Friday: 4:00 PM – 12:00 AM	Saturday: 4:00 PM – 12:00 AM	Sunday: Closed	981	Donuts from Hrom	en	donut_shop	PRICE_LEVEL_INEXPENSIVE
ChIJ4UNkPYwTVBMReWxXyTL0dlE	+389 71 644 488	42.0071778	21.3722345	4.7	Monday: 8:00 AM – 11:45 PM	Tuesday: 8:00 AM – 11:45 PM	Wednesday: 8:00 AM – 11:45 PM	Thursday: 8:00 AM – 11:45 PM	Friday: 8:00 AM – 12:45 AM	Saturday: 8:00 AM – 12:45 AM	Sunday: 9:00 AM – 11:45 PM	1236	Badu Bar	en	bar	PRICE_LEVEL_MODERATE
ChIJa68n2FgTVBMRb1JVrXsXtIg		42.0081153	21.3688689	4.3	Monday: 8:00 AM – 12:00 AM	Tuesday: 8:00 AM – 12:00 AM	Wednesday: 8:00 AM – 12:00 AM	Thursday: 8:00 AM – 12:00 AM	Friday: 8:00 AM – 12:00 AM	Saturday: 8:00 AM – 12:00 AM	Sunday: 8:00 AM – 12:00 AM	469	Dobar Bar	en	cafe	PRICE_LEVEL_MODERATE
ChIJ3VenB5ITVBMRZjuD2MAoMpY	+389 70 275 594	42.008373	21.367865	4.6	Monday: 8:00 AM – 12:00 AM	Tuesday: 8:00 AM – 12:00 AM	Wednesday: 8:00 AM – 12:00 AM	Thursday: 8:00 AM – 12:00 AM	Friday: 8:00 AM – 12:00 AM	Saturday: 8:00 AM – 12:00 AM	Sunday: 12:00 PM – 12:00 AM	635	Gostilnica Ubac	en	restaurant	PRICE_LEVEL_INEXPENSIVE
ChIJyf4cz94TVBMRufO_OMLHhAU	+389 78 900 888	42.0023185	21.3626846	4.6	Monday: 12:00 – 10:00 PM	Tuesday: 12:00 – 10:00 PM	Wednesday: 12:00 – 10:00 PM	Thursday: 12:00 – 10:00 PM	Friday: 12:00 – 10:00 PM	Saturday: 10:00 AM – 10:00 PM	Sunday: 12:00 – 8:00 PM	69	Kafe igroteka Palavkovci	en	playground	
ChIJA5gRdYETVBMRmWNM-uVWvIc	+389 78 439 199	42.0066347	21.3723119	4.5	Monday: 9:00 AM – 12:00 AM	Tuesday: 9:00 AM – 12:00 AM	Wednesday: 9:00 AM – 12:00 AM	Thursday: 9:00 AM – 12:00 AM	Friday: 9:00 AM – 1:00 AM	Saturday: 9:00 AM – 1:00 AM	Sunday: 12:00 – 8:00 PM	411	Gostilnica Jug	en	restaurant	PRICE_LEVEL_MODERATE
ChIJ2dqTKmsTVBMRaTI30jqyyn8	+389 72 712 555	42.0103682	21.3739589	4.3	Monday: 8:00 AM – 12:00 AM	Tuesday: 8:00 AM – 12:00 AM	Wednesday: 8:00 AM – 12:00 AM	Thursday: 8:00 AM – 12:00 AM	Friday: 8:00 AM – 12:00 AM	Saturday: 8:00 AM – 12:00 AM	Sunday: 8:00 AM – 12:00 AM	115	Скара на кило Кaj 61	en	restaurant	
ChIJ37DeqXcUVBMRicb4wYgdF0E	+389 78 320 374	42.0085148	21.3823933	4.3	Monday: 7:30 AM – 5:30 PM	Tuesday: 7:30 AM – 5:30 PM	Wednesday: 7:30 AM – 5:30 PM	Thursday: 7:30 AM – 5:30 PM	Friday: 7:30 AM – 5:30 PM	Saturday: 8:00 AM – 2:00 PM	Sunday: Closed	158	CERTUS Technical examination and registration of vehicles	en		
ChIJPVMbLowTVBMR3tzjdYDkuqY	+389 78 413 461	42.0075035	21.3713071	4.5	Monday: 10:30 AM – 12:00 AM	Tuesday: 10:30 AM – 12:00 AM	Wednesday: 10:30 AM – 12:00 AM	Thursday: 10:30 AM – 12:00 AM	Friday: 10:30 AM – 12:00 AM	Saturday: 10:30 AM – 12:00 AM	Sunday: 2:00 – 11:00 PM	690	Pizza Gigo	en	pizza_restaurant	PRICE_LEVEL_INEXPENSIVE
ChIJHZCOhIoTVBMRkvjhWeChvqk	+389 70 360 792	42.00377	21.379547	4.3	Monday: 9:00 AM – 10:00 PM	Tuesday: 9:00 AM – 10:00 PM	Wednesday: 9:00 AM – 10:00 PM	Thursday: 9:00 AM – 10:00 PM	Friday: 9:00 AM – 10:00 PM	Saturday: 9:00 AM – 10:00 PM	Sunday: 9:00 AM – 10:00 PM	155	Restaurant Kaskada	en	restaurant	PRICE_LEVEL_MODERATE
ChIJn5pu6v0TVBMRkhNAWqvnzkA	+389 71 944 227	42.0107368	21.3706453	4.6	Monday: 8:00 AM – 10:00 PM	Tuesday: 8:00 AM – 10:00 PM	Wednesday: 8:00 AM – 10:00 PM	Thursday: 8:00 AM – 10:00 PM	Friday: 8:00 AM – 10:00 PM	Saturday: 8:00 AM – 10:00 PM	Sunday: Closed	35	Igroteka Kidobar by Kinderlend	en	event_venue	
ChIJJ2FbIBwVVBMRUmzOYfnHyHE	+389 70 419 760	42.0071747	21.371774	4.5	Monday: 9:00 AM – 12:00 AM	Tuesday: 9:00 AM – 12:00 AM	Wednesday: 9:00 AM – 12:00 AM	Thursday: 9:00 AM – 12:00 AM	Friday: 9:00 AM – 1:00 AM	Saturday: 9:00 AM – 1:00 AM	Sunday: 9:00 AM – 12:00 AM	134	Porta Vlae Pub & Kitchen	en	gastropub	
ChIJPQ1e0ogTVBMRh3MDLctgr5w	+389 2 204 7347	42.010362	21.3741921	4.4	Monday: Closed	Tuesday: 8:00 AM – 12:00 AM	Wednesday: 8:00 AM – 12:00 AM	Thursday: 8:00 AM – 12:00 AM	Friday: 8:00 AM – 1:00 AM	Saturday: 8:00 AM – 1:00 AM	Sunday: 8:00 AM – 10:00 PM	329	Viva	en	restaurant	PRICE_LEVEL_INEXPENSIVE
ChIJeTDosJUTVBMRluHigLh-WEQ	+389 76 778 233	42.0074136	21.3736074	4.4	Monday: 10:00 AM – 3:00 AM	Tuesday: 10:00 AM – 3:00 AM	Wednesday: 10:00 AM – 3:00 AM	Thursday: 10:00 AM – 3:00 AM	Friday: 10:00 AM – 3:00 AM	Saturday: 10:00 AM – 3:00 AM	Sunday: Closed	100	Cujo	en	fast_food_restaurant	
ChIJ4dGvQl0TVBMRTKPF32jJzhk		42.0071719	21.3629549	4.3								69	Korzo Cafe / Корзо Кафе	en	coffee_shop	
ChIJOeWtp5wTVBMRcHhB8lli8k4	+389 78 290 778	42.0079957	21.3694678	4.8	Monday: 8:00 AM – 12:00 AM	Tuesday: 8:00 AM – 12:00 AM	Wednesday: 8:00 AM – 12:00 AM	Thursday: 8:00 AM – 12:00 AM	Friday: 8:00 AM – 1:00 AM	Saturday: 8:00 AM – 1:00 AM	Sunday: 9:00 AM – 12:00 AM	84	Шума - Shuma - slow living concept caffè	en	cafe	
ChIJHVVcLAATVBMRQ8INTkjJrRE	+389 75 310 225	42.0074365	21.3647302	4.4								147	Aviator	en	bar	
ChIJqX_0E5QTVBMRZFKtuF6VWKM	+389 78 502 222	42.0090107	21.3610911	4.6	Monday: 9:00 AM – 11:30 PM	Tuesday: 9:00 AM – 11:30 PM	Wednesday: 9:00 AM – 11:30 PM	Thursday: 9:00 AM – 11:30 PM	Friday: 9:00 AM – 11:30 PM	Saturday: 11:00 AM – 11:30 PM	Sunday: 12:00 – 10:00 PM	184	Pizza Berlusconi	en	meal_takeaway	
ChIJJQndkAkTVBMR38on_kmgOLc	+389 71 888 166	42.0069965	21.361927	4.6	Monday: 8:00 AM – 11:00 PM	Tuesday: 8:00 AM – 11:00 PM	Wednesday: 8:00 AM – 11:00 PM	Thursday: 8:00 AM – 11:00 PM	Friday: 8:00 AM – 11:00 PM	Saturday: 8:00 AM – 11:00 PM	Sunday: Closed	72	Станица Чешма	mk	restaurant	
ChIJn8-uiY0TVBMRTtJydi-W-UE	+389 2 204 4253	42.0071318	21.3681293	3.7	Monday: 8:00 AM – 9:00 PM	Tuesday: 8:00 AM – 9:00 PM	Wednesday: 8:00 AM – 9:00 PM	Thursday: 8:00 AM – 9:00 PM	Friday: 8:00 AM – 9:00 PM	Saturday: 8:00 AM – 7:30 PM	Sunday: Closed	19	Kanela - Porta Vlae	en	cake_shop	